1,google.com
2,youtube.com
3,tmall.com
4,baidu.com
5,qq.com
6,sohu.com
7,facebook.com
8,taobao.com
9,360.cn
10,yahoo.com
11,amazon.com
12,jd.com
13,wikipedia.org
14,zoom.us
15,sina.com.cn
16,weibo.com
17,live.com
18,reddit.com
19,netflix.com
20,microsoft.com
21,xinhuanet.com
22,office.com
23,okezone.com
24,vk.com
25,instagram.com
26,alipay.com
27,csdn.net
28,myshopify.com
29,microsoftonline.com
30,yahoo.co.jp
31,google.com.hk
32,twitch.tv
33,stackoverflow.com
34,bing.com
35,bongacams.com
36,panda.tv
37,zhanqi.tv
38,naver.com
39,ebay.com
40,china.com.cn
41,amazon.in
42,aliexpress.com
43,tianya.cn
44,google.co.in
45,amazon.co.jp
46,salesforce.com
47,apple.com
48,adobe.com
49,chaturbate.com
50,livejasmin.com
51,tribunnews.com
52,yandex.ru
53,twitter.com
54,aparat.com
55,instructure.com
56,dropbox.com
57,linkedin.com
58,pornhub.com
59,sogou.com
60,google.cn
61,1688.com
62,mail.ru
63,wordpress.com
64,ok.ru
65,msn.com
66,huanqiu.com
67,google.co.jp
68,yy.com
69,imdb.com
70,17ok.com
71,amazonaws.com
72,google.com.br
73,cnn.com
74,rakuten.co.jp
75,etsy.com
76,alibaba.com
77,whatsapp.com
78,amazon.co.uk
79,spotify.com
80,metropoles.com
81,so.com
82,mama.cn
83,babytree.com
84,zoho.com
85,imgur.com
86,kompas.com
87,google.de
88,flipkart.com
89,aliyun.com
90,grid.id
91,jrj.com.cn
92,detik.com
93,ettoday.net
94,pixnet.net
95,thestartmagazine.com
96,xvideos.com
97,canva.com
98,espn.com
99,hao123.com
100,daum.net
101,bbc.com
102,okta.com
103,google.es
104,roblox.com
105,udemy.com
106,walmart.com
107,google.ru
108,paypal.com
109,fandom.com
110,google.com.sg
111,onlinesbi.com
112,cnblogs.com
113,google.fr
114,github.com
115,tumblr.com
116,wetransfer.com
117,soundcloud.com
118,zillow.com
119,gome.com.cn
120,booking.com
121,soso.com
122,sindonews.com
123,tradingview.com
124,grammarly.com
125,163.com
126,xhamster.com
127,ilovepdf.com
128,quizlet.com
129,6.cn
130,amazon.de
131,primevideo.com
132,indeed.com
133,indiatimes.com
134,speedtest.net
135,hotstar.com
136,tiktok.com
137,nih.gov
138,google.co.uk
139,google.it
140,nytimes.com
141,google.com.mx
142,eastday.com
143,chase.com
144,pinterest.com
145,pikiran-rakyat.com
146,savefrom.net
147,theguardian.com
148,duckduckgo.com
149,researchgate.net
150,liputan6.com
151,craigslist.org
152,tokopedia.com
153,google.com.tw
154,wix.com
155,youm7.com
156,bilibili.com
157,suara.com
158,bbc.co.uk
159,heavy.com
160,haosou.com
161,vimeo.com
162,iqiyi.com
163,cnet.com
164,avito.ru
165,digikala.com
166,google.com.tr
167,amazon.ca
168,godaddy.com
169,mediafire.com
170,rednet.cn
171,bet9ja.com
172,washingtonpost.com
173,padlet.com
174,wellsfargo.com
175,tistory.com
176,office365.com
177,slideshare.net
178,foxnews.com
179,investing.com
180,telegram.org
181,hdfcbank.com
182,bestbuy.com
183,setn.com
184,bukalapak.com
185,google.ca
186,xnxx.com
187,yelp.com
188,w3schools.com
189,force.com
190,usps.com
191,healthline.com
192,namu.wiki
193,smallpdf.com
194,google.com.eg
195,stackexchange.com
196,skype.com
197,amazon.cn
198,google.com.ar
199,ups.com
200,varzesh3.com
201,ikea.com
202,t.me
203,fedex.com
204,uol.com.br
205,lazada.sg
206,mozilla.org
207,momoshop.com.tw
208,51sole.com
209,namnak.com
210,box.com
211,capitalone.com
212,chouftv.ma
213,trendyol.com
214,aliexpress.ru
215,iqbroker.com
216,gosuslugi.ru
217,line.me
218,wikihow.com
219,ebay.de
220,behance.net
221,coursera.org
222,bestaryua.com
223,google.com.sa
224,blackboard.com
225,icicibank.com
226,ebay.co.uk
227,globo.com
228,amazon.it
229,hulu.com
230,google.co.th
231,zerodha.com
232,homedepot.com
233,discord.com
234,deepl.com
235,amazon.fr
236,freepik.com
237,taboola.com
238,target.com
239,steamcommunity.com
240,googlevideo.com
241,chegg.com
242,worldometers.info
243,webex.com
244,cnbc.com
245,ca.gov
246,51.la
247,t.co
248,breitbart.com
249,weebly.com
250,mercadolivre.com.br
251,ltn.com.tw
252,weather.com
253,etheplatinum.com
254,manoramaonline.com
255,sahibinden.com
256,sciencedirect.com
257,bet365.com
258,scribd.com
259,hootsuite.com
260,samsung.com
261,fidelity.com
262,dailymotion.com
263,investopedia.com
264,kumparan.com
265,nicovideo.jp
266,google.co.id
267,merdeka.com
268,airbnb.com
269,proiezionidiborsa.it
270,ask.com
271,amazon.es
272,japanpost.jp
273,gamepedia.com
274,cnnic.cn
275,telewebion.com
276,wikimedia.org
277,y2mate.com
278,softonic.com
279,360.com
280,cricbuzz.com
281,jpnn.com
282,geeksforgeeks.org
283,dailymail.co.uk
284,redfin.com
285,cloudfront.net
286,sberbank.ru
287,borna.news
288,ameblo.jp
289,op.gg
290,messenger.com
291,mercadolibre.com.ar
292,patch.com
293,medium.com
294,rambler.ru
295,flaticon.com
296,mercadolibre.com.mx
297,thesaurus.com
298,inquirer.net
299,patria.org.ve
300,cnzz.com
301,ebay-kleinanzeigen.de
302,fc2.com
303,tejaratnews.com
304,oxu.az
305,reverso.net
306,wayfair.com
307,myworkday.com
308,cambridge.org
309,ouedkniss.com
310,squarespace.com
311,realtor.com
312,indiamart.com
313,twimg.com
314,academia.edu
315,schoology.com
316,redd.it
317,idntimes.com
318,google.pl
319,shaparak.ir
320,state.gov
321,blogger.com
322,tawk.to
323,adp.com
324,moneycontrol.com
325,videocampaign.co
326,chinaz.com
327,81.cn
328,infobae.com
329,leboncoin.fr
330,fiverr.com
331,trello.com
332,ladbible.com
333,hp.com
334,chess.com
335,goodreads.com
336,beytoote.com
337,eba.gov.tr
338,bbcollab.com
339,dell.com
340,wildberries.ru
341,feedly.com
342,ria.ru
343,atlassian.com
344,naukri.com
345,dbs.com.sg
346,hurriyet.com.tr
347,marketwatch.com
348,bankofamerica.com
349,wsj.com
350,wixsite.com
351,zhihu.com
352,bp.blogspot.com
353,sonhoo.com
354,trustpilot.com
355,filimo.com
356,shutterstock.com
357,ameritrade.com
358,tutorialspoint.com
359,fast.com
360,kq36.com
361,google.com.vn
362,in.gr
363,google.com.au
364,ensonhaber.com
365,patreon.com
366,aol.com
367,qoo10.sg
368,khanacademy.org
369,rt.com
370,shimo.im
371,wish.com
372,biobiochile.cl
373,epicgames.com
374,ebc.net.tw
375,banvenez.com
376,hespress.com
377,getbootstrap.com
378,jiameng.com
379,xfinity.com
380,reuters.com
381,quora.com
382,genius.com
383,b2b168.com
384,pinimg.com
385,thepiratebay.org
386,abs-cbn.com
387,google.gr
388,yts.mx
389,citi.com
390,mheducation.com
391,allegro.pl
392,fivethirtyeight.com
393,coinbase.com
394,9gag.com
395,slack.com
396,orange.fr
397,yc58.com
398,shopee.co.id
399,get-express-vpn.online
400,steampowered.com
401,dcard.tw
402,issuu.com
403,nike.com
404,outbrain.com
405,1337x.to
406,shopee.tw
407,efu.com.cn
408,canada.ca
409,elbalad.news
410,usatoday.com
411,liansuo.com
412,gmw.cn
413,ccaonline.cn
414,google.com.ua
415,verizon.com
416,gmx.net
417,kapanlagi.com
418,alodokter.com
419,ecv360.com
420,disneyplus.com
421,jianshu.com
422,td.com
423,costco.com
424,11st.co.kr
425,marca.com
426,surveymonkey.com
427,hostgator.com
428,irs.gov
429,divar.ir
430,58.com
431,redbubble.com
432,zendesk.com
433,playstation.com
434,faucetpay.io
435,tripadvisor.com
436,shopee.vn
437,ea.com
438,azure.com
439,livejournal.com
440,intuit.com
441,ebay.com.au
442,google.az
443,nypost.com
444,namasha.com
445,schwab.com
446,elintransigente.com
447,coursehero.com
448,zol.com.cn
449,webmd.com
450,gismeteo.ru
451,gsmarena.com
452,europa.eu
453,mathrubhumi.com
454,wordpress.org
455,wowhead.com
456,asos.com
457,doubleclick.net
458,att.com
459,giphy.com
460,mfisp.com
461,freshdesk.com
462,sourceforge.net
463,shein.com
464,kakaku.com
465,wordreference.com
466,list-manage.com
467,lolesports.com
468,google.co.kr
469,focus.cn
470,ibicn.com
471,wp.pl
472,atharori.net
473,weblio.jp
474,haofang.net
475,web-hosting.com
476,huaban.com
477,deviantart.com
478,westernjournal.com
479,kompasiana.com
480,360doc.com
481,crunchyroll.com
482,shopee.com.my
483,collegeboard.org
484,slickdeals.net
485,qualtrics.com
486,fun48.com
487,donya-e-eqtesad.com
488,npr.org
489,youporn.com
490,futbin.com
491,srvtrck.com
492,discordapp.com
493,linktr.ee
494,typeform.com
495,onet.pl
496,dcinside.com
497,ecosia.org
498,google.co.ve
499,constantcontact.com
500,ninisite.com